image,culture,viz_selected_caption,corrected_caption,indicator,comment
VizWiz_train_00013020.jpg,US,Back of a box of Smart Ones frozen food laying on a table.,Back of a box of Smart Ones frozen food laying on a table.,"food brand, temperature in Fahrenheit","Smart Ones products, including frozen breakfasts, snacks, entrées, and desserts, are produced in the U.S. and sold in the U.S. and Canada by The Kraft Heinz Company."
VizWiz_train_00009968.jpg,US,A grey and white food dehydrator with a turnable knob on the top.,A grey and white food dehydrator with a turnable knob on the top.,item brand,NESCO offers a variety of food dehydrators sold in the U.S.
VizWiz_train_00000186.jpg,US,A hand holding a Gerber baby food package with meat and apples pictures on it.,A hand holding a Gerber baby food package with meat and apples pictures on it.,food brand,"The Gerber Baby is the trademark logo of the Gerber Products Company, an American purveyor of baby food and baby products."
VizWiz_train_00004206.jpg,UK,Can of Tesco cat food with duck and heart,Can of Tesco cat food with duck and heart.,food brand,"Tesco is a British multinational groceries and general merchandise retailer headquartered in Welwyn Garden City, England."
VizWiz_train_00010940.jpg,UK,Part of a box of Purina dog food on a dark speckled corian counter and part of the torso of someone wearing a green top.,Part of a box of Purina dog food on a dark speckled corian counter and part of the torso of someone wearing a green top.,food brand,Purina is a pet food brand orinated in UK and shipped worldwide
VizWiz_train_00001431.jpg,Asia,"A can of some type of food with text in Chinese and some other languages, and some pots in background covered in cloth.","The back part of a can of lychee with text in Chinese, and Thai and a german proverb. There are some pots in background covered in cloth.",multi-lingual,"English text with German Proverb, Chinese and Thai text. It is probably a lychee in syrup can."
VizWiz_train_00005551.jpg,EU,"A package for a food product with a photo of the food item and the words ""half price"" written on it",A package of Nume food product which looks like chili in red sauce with vegetables and minced meat. It could also be vegeterian fake meat. There is a sticker on top of the food picture saying half price.,food brand,Nume is a food company based in Europe providing low-calorie meals and beverages. The picture looks like chili with veggies and probably minced meat in red sauce. The picture can be found on pinterest.
VizWiz_train_00016989.jpg,Australia,"A variety of canned foods like Edgell cream corn, SPC peaches and a cat food Whiskas","A variety of canned foods like Edgell cream corn, SPC peaches and a cat food Whiskas placed in a cupboard.",food brand,Edgell is an international food and agricultural company from Australia. SPC (Shepparton Preserving Company) Ardmona is an Australian producer of packed fruit and vegetables. Whiskas is produced by Whiskas Australia – a company that has been making cat foods since 1958. 
VizWiz_val_00006423.jpg,UK,"A red can with images of food, label reads saxa","A red contained of salt that has images of food, label reads saxa",food brand,"Saxa is a brand of herbs, spices, salt and pepper in the United Kingdom that was introduced in 1907."
VizWiz_train_00023166.jpg,US,Box of frozen Chinese dinner with shrimp and vegetables by Tai Pei,Close-up of a box of frozen Chinese dinner with shrimp and vegetables by Tai Pei,food brand,Tai Pei is a US based brand of savory Asian meals based in North America.
VizWiz_train_00004050.jpg,US,Cat food from fancy feast in the flavor of flaked tuna.,A package of cat food from Fancy Feast Purina in the flavor of flaked tuna.,food brand,"Fancy Feast is a wet cat food selection by Purina, an American subsidiary of the Swiss corporation Nestlé. Purina logo is visible on the image."
VizWiz_train_00020390.jpg,US,A can of alpo dog food sits on the arm of a piece of furniture,A can of Purina ALPO Chop House wet dog food in filet mignon flavor cooked in savory juices. The package says it is a tender meaty recipe.,food brand,"Alpo is a wet dog food selection by Purina, an American subsidiary of the Swiss corporation Nestlé. Purina logo is visible on the image."
VizWiz_train_00020467.jpg,US,"A bag of grain free cat food, fish flavored.","A bag of grain free cat food, with trout and salmon flavor for all life stages diet by Taste of the Wild.",food brand,"Taste of the Wil is made by the US-based, family-owned company of Diamond Pet Foods."
VizWiz_val_00001182.jpg,US,A bag of sweet potato tortilla chips from the brand Food Should Taste Good.,A bag of sweet potato tortilla chips from the brand Food Should Taste Good.,food brand,"Food Should Taste Good is a company founded in 2006 and is based in Needham Heights, Massachusetts."
VizWiz_train_00016865.jpg,US-China,"An advertising flyer for food from the eastern winds, Chinese food restaurant.","An advertising flyer for food from the eastern winds, Chinese food restaurant.",location brand,"Eastern Winds is a Chinese restaurant in Fremont, CA, USA."
VizWiz_train_00005660.jpg,US,A small piece of paper consisting an advertisement for Bakery Cafe located at the Hyatt Place.,"A small piece of paper consisting an advertisement for Bakery Cafe located at the Hyatt Place, ",location brand,Hyat Place is a hotel/resort based in the US.
VizWiz_train_00011323.jpg,UK,"A small box has ""World SIM Pack: Making your world a smaller place"" written on its exterior.","A SIM pack by Pack Mobile in purple and white colors that has ""World SIM Pack: Making your world a smaller place"" written on its exterior.",item brand,Talkmobile is a mobile virtual network operator operating in the United Kingdom on the Vodafone network.
VizWiz_train_00016300.jpg,"Australia, Russia",A package of beef stroganoff is on top of a table.,A red package of beef stroganoff from Life n Easy is on top of a table. It is red and has a picture of the meal.,food brand,"Lite n' Easy is a fresh meal delivery service designed for weight loss, weight and time management. Beef stroganoff or beef stroganov is a Russian dish of sautéed pieces of beef in a sauce of mustard and smetana (sour cream). "
VizWiz_train_00000136.jpg,US,A can of Great Value Golden Sweet Whole Kernel corn with a white label and an image of the product.,A can of Great Value Golden Sweet Whole Kernel corn with a white label and an image of the product.,food brand,"Great Value is a brand frozen vegetables provided by Walmart, US."
VizWiz_train_00015099.jpg,Canada,A  five dollar Canadian bill with people playing ice hockey on the front,A  five dollar Canadian bill with people playing ice hockey on the front. It is on top of a table place mat.,currency,"Canadian Currency canadia, issued in March 2002 still valid in 2023"
VizWiz_train_00003707.jpg,US,Coupon for free Whataburger with purchase of a whatameal.,Coupon for free Whataburger with purchase of a whatameal. It also provides information about the cashier use quich key.,food brand,"Whataburger is provided by Clutch Deliveries, which specializes in Tuscaloosa late night food delivery & last-minute essentials."
VizWiz_train_00016688.jpg,Israel,A plastic two liter bottle of Coca Cola soda.,A plastic two liter bottle of Coca Cola soda with the logo and letters in Hebrew.,food brand,The Coca Cola logo and nutrition details are in Hebrew.
VizWiz_train_00013223.jpg,Australia,A microwave frozen dinner called Fisherman's pie on a place mat with river rocks pictured on it.,A microwave frozen dinner called Fisherman's pie from Life n Easy. It is on a place mat with river rocks pictured on it.,food brand,"Lite n' Easy is a fresh meal delivery service designed for weight loss, weight and time management."
VizWiz_val_00004196.jpg,US,A package of mild cheddar cheese is laying on a wooden surface next to someone's hand.,A package of mild cheddar cheese by Everyday Value is laying on a wooden surface next to someone's hand.,food brand,Everyday Value is a food brand sold mostly in Wholefoods supermakets in the US.
VizWiz_train_00000697.jpg,US,A coupon book from Target is on a table next to a crumpled up napkin and a dirty plate.,A coupon book from Target is on a table next to a crumpled up napkin and a dirty plate.,food brand,"Target Corporation is an American retail corporation that operates a chain of discount department stores and hypermarkets, headquartered in Minneapolis, Minnesota."
VizWiz_train_00005540.jpg,Israel ,A brass menorah unlit with all 9 candles in place,A brass menorah unlit with all 9 candles in place used in the Jewish celebration of Hanukkah.,item,"A Hanukkah menorah, or hanukkiah, is a nine-branched candelabrum lit during the eight-day Jewish holiday of Hanukkah."
VizWiz_train_00016288.jpg,Australia,Front of a Chicken with Satay sauce microwave meal showing the heating instructions and the nutritional facts.,Front of a Chicken with Satay sauce microwave meal showing the heating instructions and the nutritional facts on a place mat.,food brand,"Lite n' Easy is a fresh meal delivery service designed for weight loss, weight and time management."
VizWiz_train_00017202.jpg,Signapore,A one dollar bill from Singapore laying on a flat wood surface.,"A one dollar bill from Singapore laying on a flat wood surface. It is the back design that depicts Sentosa Satellite Earth Station and a decorative floral motif which is Singapore's national flower, the Vanda Miss Joaquim.",currency,"The Singapore Monetary Authority issued Singapore Dollar banknotes in 12 different denominations, including this 1 Singapore Dollar banknote (Ships series). The Singapore Monetary Authority began printing these one-dollar banknotes in 1987. They were taken out of circulation in 1999. The obverse depicts Sha Chuan ships (traditional Chinese Junks). Word ‘Singapore’ is written in Malaysian, Chinese, Tamil and English. The reverse depicts Sentosa Satellite Earth Station and a decorative floral motif, Singapore's national flower, the Vanda Miss Joaquim."
VizWiz_train_00016587.jpg,US,A United States currency note worth One US dollar.,A United States one dollar currency note with a portrait of George Washington in the center.,currency,"The new Congress's Coinage Act of 1792 established the United States dollar as the country's standard unit of money, creating the United States Mint tasked with producing and circulating coinage"
VizWiz_val_00002858.jpg,Canada,Five Canadian Dollar Bill on a multi colored placemat and red and white checkered tablecloth,Five Canadian Dollar Bill on a multi colored placemat and red and white checkered tablecloth. It features a portrait of Sir Wilfrid Laurier engraved by Yves Baril.,currency,"The most recent Canadian five-dollar note, part of the Frontier series, is predominantly blue and was introduced 7 November 2013."
VizWiz_train_00014187.jpg,Australia,A bag of Smith's potato chips rests on a red rubber mat on a white counter.,A bag of Smith's potato chips with original taste rests on a red rubber mat on a white counter.,brand item,"The Smith's Snackfood Company is a British-Australian snack food brand owned by the American multinational food, snack, and beverage corporation PepsiCo. For the last 5 years can me mostly found in australian supermakets."
VizWiz_train_00002599.jpg,Scotland,A bottle Dewar's of Scotch Whisky sitting on a white shelf.,A bottle Dewar's of Scotch Whisky sitting on a white shelf.,item brand,Dewar's is a brand of blended Scotch whisky produced by Bacardi in Scotland. Dewar's.
VizWiz_train_00013878.jpg,US,An open blue can of Bud Light sitting on a kitchen countertop.,An open blue can of Bud Light beer sitting on a kitchen countertop.,item brand,Bud Light has been America's best-selling beer since 2001.
VizWiz_train_00006151.jpg,Germany,a plain white paper showing WIRTSCHAFTS INFORMATIK written boldly on it,"A plain white paper showing in German WIRTSCHAFTS INFORMATIK written boldly on it, which translates to Business informatics.",item language,"Business informatics is a discipline combining economics, business, and concepts of computer science. The picture is probably from a German University leaflet."
VizWiz_train_00023685.jpg,Denmark,This image does not have annotations for Reasons Why Answers Differ.,"The cover of a book with the title ""Smil, Smilja"" saying in danish ""Youth Novel about the war in Bosnia"". It is probably borrowed from a library since it has some catalog stickers and information.",item language,"After searching on google there seems to be a danish book publisher called FORLAGET MOSKITO (publisher Moskito). It probably does not exist as fo 2024, so the book must be old."
VizWiz_train_00020459.jpg,UK,a 200ml bottle of Hackett London body wash.,"A 200ml bottle of Hackett London body wash, that says ""Made in England, essential British kit"".",item brand,"Hackett Limited is a British multi-channel retailer of clothing for men and boys, with a broad range of apparel and accessories."
VizWiz_val_00006144.jpg,Germany,A bag of pretzels in a plastic sealed bag laying on a flat surface.,A bag of pretzels crackers in a plastic sealed bag  on someone's lap wearing dark blue jeans,item,A pretzel is a type of baked pastry made from dough that is commonly shaped into a knot.
VizWiz_val_00003944.jpg,France,A paper with an author and title name in the beginning of a book.,"The first page of a book showing the title, Les Petites Mazarines, and the author, Pierre Combescot.",item language,Pierre Combescot was a French journalist and writer.
VizWiz_train_00009537.jpg,China,A black ZTE computer mouse plugged in sitting directly on a desk.,A black ZTE computer mouse plugged in placed on a desk.,item brand,"ZTE Corporation, also known as ZTE (Chinese： 中兴通讯) is a publicly owned, Chinese business that designs and builds telecommunications equipment and systems."
VizWiz_train_00020775.jpg,India,A red package of Haldi Ground yellow Turmeric over a black marbled flat surface.,A red package of Haldi Ground yellow Turmeric over a black marbled flat surface.,item brand,Rajah Spices is a company offering a range of spices and seasonings inspired by Indian flavours and cuisine.
VizWiz_train_00021490.jpg,Spain,"A pink, purple, and yellow striped notebook with a white flower on the front and ""Amigos"" in white under the flower","A pink, purple, and yellow striped notebook with a white flower on the front. The word ""Amigos"" is written in white under the flower, which is the spanish word for ""Friends""",item language,Amigos translates to Friends
VizWiz_val_00000315.jpg,US,"A white, plastic supplement container with an orange label that says ""MILK THISTLE"" and that it contains ""100 CAPSULES"".","A white, plastic dietary supplement container with an orange label that says ""MILK THISTLE"" from Trader Joes. It says it contains ""100 CAPSULES"".",item brand,Trader Joe's is an American chain of grocery stores
VizWiz_val_00003583.jpg,Canada,A Canadian ten-dollar bill laying on a wooden surface.,A Canadian ten-dollar bill laying on a wooden surface.,currency,
VizWiz_train_00011561.jpg,South Korea,A stork with Asian symbols on a silver coin.,"The obverse side of a 500 won South Korean coin with a Red-crowned crane, one of the migratory birds that lives in South Korea, and the inscription ""오백원"" (Obaegwon), which means 500 won.",currency,"A south korean coin, on the obverse is a Red-crowned crane, one of the migratory birds that lives in South Korea, and the inscription ""오백원"" (Obaegwon), which means 500 won. On the reverse is the Arabic number ""500"", which means 500 won, the year of manufacture, and the ""한국은행"" (Hanguk Eunhaeng), which means the Bank of Korea."
VizWiz_train_00000157.jpg,Switzerland ,A person holding a foreign coin of currency.,The reverse side of a 1/2 Francs Swiss coin depicting the value (1/2) and the year (2012) within wreath as a symbol of confederation.,currency,A 1/2 Francs Swiss coin depicting the value (1/2) and the year (2012) within wreath as a symbol of confederation.
VizWiz_train_00022775.jpg,"UK, Germany",A case for three Sherlock Holmes CDs that appear to be in German,"A case for three Sherlock Holmes CDs in German by Arthur Conan Doyle. The cover of the CD case has a man depicted, probably Sherlock Holmes and it says Arthur Conan Doyle - Eine Studie in Scharlachrot, which means A Study in Scarlet. On the top part of the case it says Kult Krimi Klassiker and on the bottom part it says: Sherlock Holmes Die letze Problem, which translates to the last problem. ",item language,A Study in Scarlet is an 1887 detective novel by British writer Arthur Conan Doyle. Sherlock Holmes is a fictional detective created by British author Arthur Conan Doyle. The CD case is in German language. 
VizWiz_train_00013915.jpg,"Alaska, US",A bottle of Alaskan summer ale in a man's hand.,A dark summer Kolsch style ale Alaskan beer is held in someone's hand.,item brand,Alaskan Kölsch Ale is made from glacier-fed water and a generous blend of European and Pacific Northwest hop varieties and premium two-row and specialty malts.
VizWiz_train_00003826.jpg,Switzerland ,A Rolex Milgauss watch that is currently set to two twenty one,"A Rolex Milgauss wrist watch that is currently set to two twenty. It is a mens rolex in black, orange, silver colors.",item brand,"Rolex SA (/ˈroʊlɛks/) is a Swiss watch designer and manufacturer based in Geneva, Switzerland."
VizWiz_train_00022768.jpg,Germany,A magazine cover depicting a mountain range and several people swimming in a lake.,"The cover of Stern German magazine depicting a lake, surrounded by mountains, and trees. ",item language,"Stern is an illustrated, broadly left-liberal, weekly current affairs magazine published in Hamburg, Germany."
VizWiz_train_00003246.jpg,Japan,A blue book of something asian with a barcode and a blue and white cover,A white and green book with a Japanese title saying: First introduction to social media [definitive edition] (BASIC MASTER SERIES) by Noritaka Tamura.,item language,Japanese book Introduction to social media for the first time / Noritaka Tamura. Can be found on Amazon in Japanese only.
VizWiz_train_00017597.jpg,US,A red Heinz tomato ketchup bottle on a white background,A red Heinz tomato ketchup bottle on a white background,item brand,
VizWiz_train_00011282.jpg,US,The cover of a DVD case for a show called The Office.,The cover of a DVD case for a show called The Office.,item brand,
VizWiz_train_00022448.jpg,US,A Michelina's signature meal consisting of meat and chopped green and red peppers in a sauce on top of rice.,A Michelina's signature meal consisting of meat and chopped green and red peppers in a sauce on top of rice.,"item brand, cultural food","Michelina is an American frozen food manufacturer based in Minneapolis, Minnesota"
VizWiz_val_00003808.jpg,US,a cd rom with a video game photo on it,Mortal Kombat CD rom video game for playstation,item brand,
VizWiz_val_00003190.jpg,US,A box of hot pockets near a kitchen stove.,Blurry photo of the back of a box of hot pockets in front of a kitchen stove,cultural food,
VizWiz_val_00006454.jpg,Mexico,Aerosol can of Raid brand flying insect spray for flies and mosquitoes.,A can of Raid for flies and mosquitoes in Mexican.,item brand,
VizWiz_train_00013100.jpg,US,Packaged bag of Dunkin Donuts coffee showing directions and storage options,Packaged bag of Dunkin Donuts coffee showing directions and storage options,item brand,
VizWiz_train_00014013.jpg,Bahrain,"A paper bill for ""One Dinar"" is being held up to the camera.","A paper bill for ""One Dinar"" is being held up to the camera. It is the reverse side of the banknote showing the Sail, the Pearl monument in Manama City and five galloping Arabian horses. ",currency,
VizWiz_train_00009187.jpg,US,book cover,"Book cover of The Miserable Mill, which is the fourth novel of the children's novel series A Series of Unfortunate Events by Lemony Snicket",book,
VizWiz_train_00004375.jpg,USSR,A Caucasian person holding a three disk set of John Denver music.,A Caucasian person holding a three disk set of John Denver 'Unplugged in the USSR' concert,music,
VizWiz_train_00005967.jpg,US,A United States one dollar bill of currency is on a wooden surface.,A United States one dollar bill of currency is on a wooden surface.,currency,
VizWiz_val_00006437.jpg,"US, Mexico",A box of kashi brand vegetarian spicy black bean Enchiladas,A box of kashi brand vegetarian spicy black bean Enchiladas,"item brand, cultural food",
VizWiz_val_00002977.jpg,US,A table with a US one dollar bill sitting on it.,A blurry image of a US dollar bill on top of a table,currency,
VizWiz_val_00004175.jpg,US,A close up of a twenty dollar bill sitting on a wooden table,A close up of a USA twenty dollar bill sitting on a wooden table featuring a portrait of President Jackson on the front of the note.,currency,
VizWiz_train_00023327.jpg,US,A box of Jello is lying on top of a table.,A box of lime flavoured Jello,,
VizWiz_train_00017167.jpg,Bahrain,A note of currency from Bahrain being held by someone using both hands.,A five dinar note of currency from Bahrain being held by someone using both hands.,currency,
VizWiz_train_00005873.jpg,US,An empty plastic Gatorade bottle sitting on a shelf with folded pairs of jeans.,An empty bottle of gatorade on top of a shelf full of jeans at a Target store,item brand,"Gatorade is an American brand of sports-themed beverage and food products, built around its signature line of sports drinks."
VizWiz_train_00003817.jpg,California,A bottle of Cul-De-Sac California chardonnay being held for the camera.,A bottle of Cul-De-Sac California chardonnay being held for the camera with a calendar on the background wall.,cultural food,
VizWiz_val_00003210.jpg,US,A can of Del Monte fresh cut green beans,A can of Del Monte fresh cut green beans,item brand,
VizWiz_train_00000196.jpg,Denmark,A box of Raspberry Danish flavored Gevalia coffee.,A box of Raspberry Danish flavored Gevalia coffee.,item brand,
VizWiz_train_00008534.jpg,US,An open box of Cheerios cereal box sideways.,"An open box of cereal named Cheerios, but the photo is sideways",item brand,
VizWiz_val_00006868.jpg,US,Box of Tesco brand chicken curry with rice microwave meal,Box of Tesco brand chicken curry with rice microwave meal,item brand,
VizWiz_val_00001931.jpg,US,Tortilla Wraps,A package of flour tortillas shows a fajita picture.,item brand,
VizWiz_train_00010657.jpg,US,A nature valley granola bar lying across the legs of a person sitting down,An Almond granola bar from Nature Valley with sweet and salty nuts lying across the legs of a person sitting down,item brand,
VizWiz_train_00016438.jpg,US,A box of Campbell's Real Stock beef stock on a counter.,A box of Campbell's Real Stock beef stock.,item brand,
VizWiz_train_00000473.jpg,US,A US one dollar bill sitting against a white surface.,A US one dollar bill sitting against a white surface.,currency,
VizWiz_train_00010701.jpg,"US, Ireland",A mini package of St Killian soft cheese.,A mini package of St Killian soft cheese.,item brand,
VizWiz_train_00013808.jpg,United Arab Emirates,A person holding a United Arab Emirates Dirham,a person holding a United Arab Emirates 100 dirhams,currency,
VizWiz_train_00009592.jpg,cultural food,A package of Italian mozzarella and basil style raviolis,"A package of Italian cherry tomato, buffalo mozzarella and basil ravioli",,
VizWiz_train_00011026.jpg,US,A Styrofoam cup from the restaurant McDonalds on a black leather surface,A Styrofoam cup from the restaurant McDonalds on a black leather surface,item brand,
VizWiz_val_00004442.jpg,"Greece, UK",A frozen microwavable meal of moussaka for one person,A frozen microwavable meal of moussaka for one person by Asda frozen meals,"item brand, cultural food",
VizWiz_train_00003221.jpg,western world,A Christmas tree decorated with bright green lights.,Christmas tree with very bright green lights,item,
 VizWiz_train_00011078.jpg,"Indonesia, Australia",A frozen meal of chicken satay is on the placemat.,A frozen meal of chicken satay is on the placemat.,"item brand, cultural food",
VizWiz_train_00002857.jpg,"US, Thailand",Someone holding a container of Roland Curry Yellow Paste.,Someone holding a container of Roland Curry Yellow Paste.,"item brand, cultural food",
VizWiz_val_00006306.jpg,Belgium,"A box of chocolate thin cookies sitting on a table, with a chair, window, and sippy cup visible behind.",A box of mint chocolate thin placed on a table with a red children's cup and a window visible in the background. ,cultural food,
VizWiz_train_00013905.jpg,The Netherlands,The back of a bottle of Heineken beer,The back of a bottle of Heineken beer,item brand,
VizWiz_train_00016515.jpg,The Netherlands,A 12 pack of glass bottles of Heineken brand beer.,A 12 pack of glass bottles of Heineken brand beer.,item brand,
VizWiz_train_00007362.jpg,The Netherlands,A bottle of Heineken beer is on a wooden table.,A bottle of Heineken beer is on a wooden table.,item brand,
VizWiz_train_00011040.jpg,The Netherlands,A Heineken beer bottle and an orange are on a table near someone's hand.,A Heineken beer bottle and an orange are on a table near someone's hand.,item brand,
VizWiz_train_00022287.jpg,Thailand,A box of Thai tom Kha soup placed on a blue surface.,"A yellow and white 500 ml box of Thai tom Kha soup placed on a blue surface, Roi Thai brand package.",cultural food,
VizWiz_train_00016135.jpg,Thailand,"a bottled beverage with Thai writing, label is red and white with a golden stalk of wheat.","a bottled beverage with Thai writing, label is red and white with a golden stalk of wheat.",item language,
VizWiz_train_00007395.jpg,Russia,Hardcover book with Cyrillic writing and a picture of men on a boat.,Hardcover of Russian book with a picture of men on a boat about James Cook's first circumnavigation of the world.,"book, item language",
VizWiz_train_00003739.jpg,Greece,A box with the name Pevison on it and black lettering.,A cardboard box of Pevison skin cream in Greek.,item brand,
VizWiz_train_00021672.jpg,Greece,"A bottle of classic, roll on Noxzema with Greek writing on the label.","A deodorant bottle of classic, roll on Noxzema with Greek writing on the label.",item brand,
VizWiz_train_00003266.jpg,"Italy, US",The remains of a pizza on a black plate,"A tray of three pizza slices with pineapple, meat, cheese and tomatoes",cultural food,
VizWiz_train_00023231.jpg,"Italy, US",Container of Kraft brand Tuscan House Italian salad dressing and marinade.,Container of Kraft brand Tuscan House Italian salad dressing and marinade.,"item brand, cultural food",
VizWiz_train_00008786.jpg,US,Hunger Games DVD casing placed on wooden table.,Hunger Games DVD casing placed on wooden table.,book,The Hunger Games is a series of young adult dystopian novels written by American author Suzanne Collins.
VizWiz_train_00016654.jpg,"Austria, US",A book called Walking in Austria - Over 100 Walks and Multi-Day Treks.,A book called Walking in Austria - Over 100 Walks and Multi-Day Treks.,book,
VizWiz_train_00015880.jpg,Italy,"Vegetarian sauce contains no preservatives, added sugar, artificial flavors, additives, or trans fat.","An Italian vegetarian sauce with no preservatives, added sugar, artificial flavors, additives, or trans fat.",cultural food,
VizWiz_train_00023404.jpg,Singapore,A Singapore two dollar bill on a wood table.,A Singapore two dollar bill on a wood table.,currency,
VizWiz_val_00002058.jpg,Greece,a container of Essential Everyday brand plain Greek yogurt,Greek yogurt in a container,cultural food,
VizWiz_train_00018737.jpg,"US, Mexico",A container with two Trader Joe's brand chicken chile verde burritos.,A container with two Trader Joe's brand chicken chile verde burritos.,"food brand, cultural food",
VizWiz_train_00018627.jpg,China,Instruction manual for a rice cooker with directions in Chinese,Instruction manual for a rice cooker with directions in Chinese,item language,
VizWiz_train_00005403.jpg,India,A bag of white basmati Indian rice is propped on a blanket.,A bag basmati rice on a leg,cultural food,
VizWiz_train_00018403.jpg,the Netherlands ,a round picture of a woman and child in front of a Dutch windmill,a round black and white picture of a woman and child in front of a Dutch windmill,location,
VizWiz_train_00021840.jpg,portugal,white container of aloe vera lotion on a night stand.,white container of aloe vera lotion on a night stand labeled in Spanish and Portuguese.,item language,
VizWiz_train_00008158.jpg,Mexico,A Corona Light beer bottle made in Mexico is sitting on a black surface.,A Corona Light beer bottle made in Mexico is sitting on a black surface. A Chicago company imported it to the U.S.,item brand,
VizWiz_train_00005411.jpg,US,"Colgate toothpaste, a box of frozen sausage, a packet of dental floss, hand soap, and a razor are lined up around the edge of a shell-shaped bathroom wash basin.",premium country sausage,item language,
VizWiz_train_00018636.jpg,South Africa,A 100 South African Rand bank note against a dark surface.,A 100 South African Rand bank note against a dark surface.,currency,
VizWiz_train_00021363.jpg,Spain,A Spanish menu with a list of food and a price at the bottom.,A Spanish menu with a list of food and a price at the bottom.,cultural food,
VizWiz_train_00002632.jpg,UK,A currency from England that says 5 Pounds,A currency from England that says 5 Pounds,currency,
VizWiz_train_00022359.jpg,Poland,The back cover of a Polish book sitting on a table next to a carton of orange juice.,The back cover of a Polish book sitting on a table next to a carton of orange juice.,item language,
VizWiz_train_00010212.jpg,Italy,A bottle of red wine from Italy and the year 2007,A bottle of red wine from Italy and the year 2007,cultural food,
VizWiz_train_00008874.jpg,Spain,A left hand holding a Knorr Spanish Rice package,A left hand holding a Knorr Spanish Rice package,cultural food,
VizWiz_train_00009374.jpg,Africa,A long brown dress with a gold belt and a peach colored piece of fabric draped over the shoulder.,african traditional dress,clothing,
VizWiz_train_00010603.jpg,US,A braille panel featuring the US flag on the writing.,A braille panel featuring the US flag on the writing.,flag,
VizWiz_val_00003542.jpg,UK,A phone case that depicts the flag of England that is latched closed.,A phone case/purse that depicts the flag of England that is latched closed.,flag,
VizWiz_val_00005852.jpg,"US, Italy",an Italian and an American flag hanging on a wall,an Italian and an American flag hanging on a wall,flag,
VizWiz_train_00000641.jpg,Taiwan,Flag of country which I believe is Taiwan of country in Asia continent.,"The flag of the Republic of China, commonly called the flag of Taiwan",flag,
VizWiz_train_00007127.jpg,US,A computer monitor displaying a picture of an American flag with the mouse cursor over it.,A computer monitor displaying a picture of an American flag with the mouse cursor over it.,flag,
VizWiz_val_00001935.jpg,US,A bust statue of Robert E Lee with a Confederate Flag and United States map background.,A bust statue of Robert E Lee with a Confederate Flag and United States map background.,"flag, item",
VizWiz_train_00004736.jpg,Italy,Large box of pizza with a drawing of an oven and the Italian flag.,Large box of pizza with a drawing of an oven and the Italian flag.,cultural food,
VizWiz_train_00002179.jpg,New Zealand,A 500g container of Table Salt brand is homebrand on a white table,A 500g container of Table Salt brand is homebrand on a white table,item brand,
VizWiz_train_00017857.jpg,Europe,A 5 euro bill that has a EU flag design on it,A 5 euro bill that has a EU flag design on it,currency,
VizWiz_train_00001519.jpg,deaf-blind,A blue banner hanging on a wall with a mission statement for a deaf-blind service center.,A blue banner hanging on a wall with a mission statement for a deaf-blind service center.,item,
VizWiz_val_00003069.jpg,"Turkey, US",A box of Turkish delight is right on the table.,A box of Turkish delight from Liberty Orchard Fruit Delights is right on the table.,"item brand, cultural food",
VizWiz_train_00011595.jpg,Egypt,A paper currency from Egypt is displayed partially.,A blue paper currency from Egypt is displayed partially.,currency,
VizWiz_val_00000403.jpg,Portugal,A computer screen shows an initialization screen in Portuguese.,A computer screen shows an initialization Microsoft Windows screen in Portuguese.,item language,
VizWiz_train_00007928.jpg,"France, US",A box of Bremer French onion soup lying on a table.,A box of Bremer French onion soup lying on a table.,"item brand, cultural food",
VizWiz_train_00010663.jpg,France,A bottle of French Francaise vinagrette held on a table.,The hand of a person is holding up a bottle of French dressing with french text.,item brand,
VizWiz_train_00000406.jpg,France,A large dictionnaire anglais from Le Robert and Collins.,"A large, blue French-English dictionary from Le Robert and Collins.",book,
VizWiz_train_00005300.jpg,France,A white person's hand is holding a Can of tomato sauce that has a yellow label and only half of the can is visible in the photo,A white person's hand is holding a yellow can of beans (probably in tomato sauce) that has a French label and only half of the can is visible in the photo,item language,
VizWiz_train_00023346.jpg,France,A 2008 bottle of Chateauneuf wine sitting on a table,A 2008 bottle of Chateauneuf du Pape French red wine sitting on a table,item brand,
VizWiz_train_00022315.jpg,France,Back of a bag of mixed vegetables written in French,Back of a bag of mixed vegetables written in French,item language,
VizWiz_train_00023093.jpg,France,a bottle of L'oreal visible lift foundation makeup,a bottle of L'oreal visible lift foundation makeup in French label,"item brand, item language",
VizWiz_val_00006643.jpg,France,a 750 mL bottle of Jean-Paul Brun wine with a French label.,a 750 mL bottle of Jean-Paul Brun wine with a French label.,"item brand, item language",
VizWiz_train_00004275.jpg,"France, UK",A 2011 bottle of wine with a yellow label bought from Tesco,A close-up of a 2011 bottle of Chateauneuf du Pape French red wine selected by Tesco,"item brand, item language",
VizWiz_train_00007196.jpg,Canada,a box of French chocolate candy bars manufactured in a nut free factory,a box of French chocolate fudge bars (nut-free) manufactured by La Choix du President,"item brand, item language, cultural food",President's Choice or PC is a line of grocery products and services offered by the Canada-based Loblaw Companies Ltd.
VizWiz_train_00010212.jpg,Italy,A bottle of 2007 red Italian wine is on an outdoor table.,A bottle of 2007 red Italian wine is on an outdoor table.,"item brand, item language",
VizWiz_train_00017152.jpg,Italy ,Tall wine bottle with Italian language text on the label,A bottle of 2006 Casanova di Neri Tenuta Nuova red Italian wine.,"item brand, item language",
VizWiz_train_00009467.jpg,Germany,"A book, entitled ""Collins German Dictionary & Grammar"" with a black colored cover.","A book, entitled ""Collins German Dictionary & Grammar"" with a black colored cover.",book,
VizWiz_train_00021754.jpg,Germany,A German Shepherd on a leash held by a white man in a red shirt and grey shorts,A German Shepherd dog on a leash held by a white man in a red shirt and grey shorts,animal,
VizWiz_val_00006234.jpg,Germany,"Photo of a German shepherd laying outside on the gravel, staring at the camera with bushes in the background","A German shepherd dog holding a bone and laying outside on the gravel, staring at the camera with bushes in the background",animal,
VizWiz_train_00022721.jpg,Germany,"Image of an article on a website written in German with the title ""Blinde und Sehbehinderte""","Image of an article from a website (probably wikipedia) written in German with a partially visible title ""Blinde und Sehbehinderte""",item language,
VizWiz_train_00008426.jpg,Germany,A hand reaches out to pet an adult German Shepherd dog who is sitting on a hardwood floor.,A hand reaches out to pet an adult German Shepherd dog who is sitting on a hardwood floor.,animal,
VizWiz_train_00004875.jpg,Austria,A white box of coffee is sitting on a table inside a yellow room with a painting on the wall and a sofa in the background.,"A white carton of sugar with blue details, an austrian flag and german text is sitting on a table inside a yellow room with a painting on the wall and a sofa in the background.","item brand, item language",
VizWiz_train_00013644.jpg,Germany,A box of ready to cook potatoes is opened on the table.,"A box of ready to cook potatoes, bratkartoffeln (a german dish) by Mecklenburger Küchewhich is opened on the table.","item brand, cultural food","German fries is a dish consisting of thinly sliced raw or cooked potatoes fried in fat like lard, butter or vegetable oils."
VizWiz_train_00012433.jpg,Germany,A green German street sign attached to a tree trunk.,A green German street sign saying 'sammelplatz 2' is attached to a tree trunk. There is also information about a website www.funforest.de,item language,
VizWiz_val_00007041.jpg,Germany,a magazine page article closeup written in German language.,a magazine article closeup open to page 27 written in German language.,item language,
VizWiz_val_00006219.jpg,Germany,"Back side of a Stiegl Goldbrau beer bottle, writing is in German.","Back side of a Stiegl Goldbrau beer bottle 5% alcohol, writing is in German.","item brand, item language",
VizWiz_train_00014621.jpg,Germany,a red package of Dunhill Master Blend cigarettes with a warning label in a non-English language,a red package of Dunhill Master Blend cigarettes with a warning label in German,item language,
VizWiz_train_00000318.jpg,Germany,a German shepherd dog lying on a patio or porch,a German shepherd dog lying on a patio or porch with its head down.,animal,
VizWiz_train_00014413.jpg,Germany,A textbook is open and sitting on a wooden table with just the edge of the page visible with German wording.,A German book is open and sitting on a wooden table with just the edge of the page visible.,book,
VizWiz_val_00001947.jpg,Germany,A book titled Auf Die Lange Kommtes An tiny tales.,A German book titled Auf Die Lange Kommtes An tiny tales.,book,
VizWiz_train_00019307.jpg,Switzerland ,A bottle of Unterlander Brau by Huusbier on a table,A bottle of swiss beer Unterlander Brau by Huusbier on a table,item brand,
VizWiz_train_00022231.jpg,Germany,A red and white spray bottle with German writing on it.,A red and white spray bottle with German writing on it.,"item brand, item language",
VizWiz_train_00022546.jpg,Germany,A German laundromat with a brick front and glass doors.,A German laundromat with a brick front and glass doors.,"location, item language",
VizWiz_train_00009898.jpg,Thailand,Two wooden carvings of elephants on a window ledge as decorations.,Two wooden carvings of elephants on a window ledge as decorations.,animal,
VizWiz_train_00011554.jpg,UK,"A package of British Beef Rump Steak on a counter with a barcode, weight and dates on it.",Package of British beef rump steak that is point 396 kg and costs 5 point 94 pounds.,"item brand, item language",
VizWiz_train_00000526.jpg,UK,A British 10 pound note with a picture of a young Queen Elizabeth who is the current Queen of England.,A British 10 pound note with a picture of a young Queen Elizabeth.,currency,
VizWiz_train_00017625.jpg,UK,A currency note value of 10 with a photo of Queen Elizabeth.,"A British 10 pound note with a picture of a young Queen Elizabeth, only half is shown in the picture.",currency,
VizWiz_train_00013958.jpg,UK,A ten pound note of British currency with a photo of Queen Elizabeth.,A ten pound note of British currency with a photo of Queen Elizabeth.,currency,
VizWiz_train_00020144.jpg,UK,A British five pound note is on a table.,A British five pound note is on a table.,currency,
VizWiz_train_00003660.jpg,"UK, Arabic",A pack of cigarettes from a British company has Arabic lettering.,Cigarette box that is black and green with the brand Dunhill Switch including an image of a lit cigarette and a warning in Arabic.,"itam brand, item language",
VizWiz_train_00021905.jpg,UK,A person is holding a 20 pound British currency bill.,A person is holding a 20 pound British currency bill depicting Queen Elizabeth.,currency,
VizWiz_train_00012120.jpg,UK,"a hand is holding five pounds of England, in the background is the bed",a hand is holding a British currency bill of five pounds depicting Queen Elizabeth,currency,
VizWiz_train_00010802.jpg,UK,"A British 20 pounds banknote, with Queen Elizabeth's face.","A British 20 pounds banknote, with Queen Elizabeth's face.",currency,
VizWiz_train_00023409.jpg,UK,A One Direction compact disc on a brown table.,A One Direction British band compact disc on a brown table.,music,
VizWiz_train_00015549.jpg,US,"A textbook titled, The American Paradox, A History of the United States since 1945, with a sticker on the front advising this rental book is due during finals week and yes, you can highlight in rental books.","A textbook titled, The American Paradox, A History of the United States since 1945, with a sticker on the front advising this rental book is due during finals week and yes, you can highlight in rental books.",book,
VizWiz_train_00008570.jpg,US,Someone is holding up an American twenty dollar bill.,A hand is holding up an American twenty dollar bill with a portrait of Andrew Jackson.,currency,